Id,y
1,91.97322
2,107.52411
3,92.15309
4,78.156235
5,111.917656
8,93.26959
10,112.15543
11,94.19793
12,115.91829
14,94.41407
15,115.91829
16,104.05596
17,97.1889
19,94.46543
20,103.8801
21,97.1889
22,116.08648
23,97.1889
26,94.390015
28,93.66346
29,97.1889
33,97.1889
35,94.26054
41,97.1889
42,93.86271
43,115.91829
45,103.55365
46,103.55365
51,94.19793
53,85.17426
55,112.32362
56,94.14657
57,103.60501
58,95.01322
59,103.37743
63,111.866295
64,94.70321
65,103.8801
69,94.41407
71,95.13508
72,104.14677
73,94.46543
76,103.37743
77,103.55365
78,114.46154
82,94.46543
83,103.8801
84,94.36612
85,103.55365
87,111.866295
88,97.1889
89,112.15543
91,94.19793
93,93.94144
94,103.55365
95,94.12251
96,112.025955
97,93.26959
98,112.025955
99,94.19793
101,104.14677
103,112.15543
104,93.85787
105,111.866295
110,94.91393
111,111.74702
113,112.025955
114,93.9084
115,112.162476
117,112.15543
120,93.531425
121,112.025955
122,93.26959
123,112.32362
126,111.917656
132,112.71591
135,103.89225
137,103.79143
138,94.46543
140,94.14657
142,111.452995
144,111.917656
148,93.26959
149,111.917656
155,93.62493
156,111.917656
157,93.26959
162,112.025955
163,95.10403
167,93.9084
172,115.91829
179,112.46194
180,93.62493
181,111.866295
182,94.91393
183,112.15543
185,112.15543
187,111.917656
188,94.46543
189,94.19793
191,93.531425
192,111.86193
193,94.43571
194,111.866295
195,93.531425
196,112.15543
198,94.57373
199,111.917656
201,103.55365
204,94.46543
205,104.05596
206,94.43571
210,94.19793
211,104.14677
216,112.025955
219,115.91829
220,94.37415
221,111.866295
226,111.866295
227,93.58279
228,111.917656
230,111.866295
231,93.26959
235,116.08648
236,94.107124
238,111.866295
242,103.60501
243,94.19793
244,79.072365
245,111.793304
247,111.866295
248,93.37789
249,93.86271
250,112.025955
251,94.107124
253,116.08648
254,93.531425
256,94.43571
257,93.26959
258,112.54188
259,94.19793
262,79.29051
266,93.82667
267,111.917656
272,103.55365
273,112.15543
275,93.62493
276,112.420074
279,94.6544
280,103.8801
283,93.58279
285,111.917656
288,112.15543
289,94.64513
290,103.55365
291,94.46543
292,112.025955
293,111.69008
296,93.26959
297,111.974594
298,114.46154
299,94.46543
304,93.58279
305,97.75658
306,94.19793
307,111.866295
311,111.687164
313,111.866295
314,93.531425
316,94.815125
324,94.43571
327,94.47694
329,93.58279
330,111.866295
337,104.27466
338,94.835815
339,103.55365
340,94.70321
343,93.62493
345,115.91829
346,93.59521
347,111.917656
349,112.175125
350,93.47747
352,111.866295
353,93.315285
354,79.01543
357,94.43571
358,112.15543
362,112.085846
364,117.453705
365,104.14677
366,94.482925
367,112.10407
368,94.41407
370,78.52111
373,95.01322
377,93.531425
378,111.69008
382,103.37743
384,111.917656
390,94.12251
392,112.025955
393,113.25264
395,94.727516
396,104.524574
399,78.93385
406,111.866295
408,111.866295
409,93.85787
410,78.45581
412,112.70154
413,93.26959
419,94.12251
420,112.025955
421,93.26959
430,100.84506
434,94.19793
436,94.70321
437,94.14657
438,93.62493
439,111.866295
440,94.19793
443,112.15543
446,94.46543
448,94.12251
452,94.43571
453,103.60501
457,103.55365
458,94.19793
459,112.90379
460,103.55365
462,104.19813
464,103.55365
465,115.91829
467,119.47811
471,112.23611
472,78.546616
473,93.27413
475,94.46543
480,94.41407
488,111.40612
490,111.866295
491,104.14677
492,78.825554
493,94.43571
497,93.35743
498,111.866295
499,94.15224
500,103.55365
501,94.19793
502,111.866295
506,83.30248
510,111.63872
511,93.26392
512,93.58279
516,93.86271
518,93.531425
519,111.917656
521,93.59521
522,111.92786
526,112.15543
529,94.39759
532,111.917656
533,94.12251
536,112.64466
537,101.084206
539,94.46543
540,104.14677
541,94.46543
543,94.19793
546,112.025955
547,94.107124
548,79.18362
551,94.004776
552,103.55365
556,103.71331
557,94.70321
558,112.10407
559,94.46543
560,104.05596
562,104.05596
566,94.61573
570,111.866295
571,94.14657
572,103.8801
573,94.46543
575,115.91829
576,111.50196
577,93.42611
579,93.26959
580,111.917656
581,112.71591
589,111.866295
591,103.55365
593,94.41407
594,103.60501
595,94.19793
598,94.004776
602,112.025955
604,111.917656
606,111.88599
608,94.482925
609,104.14677
610,94.19793
616,111.42821
617,94.390015
618,103.55365
620,104.19813
622,112.12838
623,93.37789
624,141.8539
626,111.866295
628,111.917656
629,93.9084
630,111.866295
637,94.844345
638,103.60501
643,94.51638
645,94.41407
646,119.60251
648,95.13508
652,94.61573
653,94.14657
654,111.866295
656,111.917656
657,93.85704
659,93.85085
660,104.19813
663,93.531425
664,111.866295
666,103.55365
668,111.974594
669,94.12251
671,94.390015
675,93.86271
677,94.107124
678,111.793304
679,104.04829
682,94.41407
685,103.60501
687,94.46543
688,93.75003
693,112.10407
696,94.47694
698,94.15224
701,95.013336
704,103.60501
705,115.91829
709,112.15543
710,94.19793
711,103.988396
712,94.41407
714,111.866295
715,93.60881
716,111.866295
717,94.09565
720,115.91829
721,93.531425
724,103.29182
725,94.46543
726,111.99833
728,112.01327
731,93.531425
734,104.19813
738,93.7692
745,111.917656
746,93.58279
751,78.77419
754,93.938126
756,93.531425
758,94.05576
759,111.70249
761,116.08648
766,94.64643
767,112.32362
768,93.37789
769,111.917656
770,94.46543
771,78.825554
772,103.60501
773,94.004776
774,111.866295
776,111.917656
777,94.384346
780,115.91829
782,104.14677
787,103.55365
788,94.46543
792,93.37789
793,112.70154
798,93.91427
800,93.62493
806,111.866295
809,111.917656
811,112.15543
812,93.315285
814,115.91829
816,103.60501
817,94.46543
818,110.62398
820,111.917656
823,94.19793
829,93.26959
830,112.04565
831,93.00209
834,111.917656
839,94.43571
841,79.16785
844,104.14677
845,94.19793
848,93.58279
850,101.18724
851,103.55365
852,94.019035
854,93.884735
855,95.30236
856,103.7732
859,103.55365
861,111.866295
864,94.19793
865,111.866295
866,93.58279
867,93.67062
869,94.323265
871,93.315285
872,111.866295
882,103.55365
883,94.19793
885,94.41407
888,94.47694
893,111.866295
901,111.793304
903,104.14677
904,94.15224
905,103.60501
910,94.41407
911,111.90594
914,112.64466
918,111.866295
921,93.26959
928,94.43571
929,103.60501
932,94.187904
933,103.66195
934,94.41407
935,111.917656
937,78.93385
939,94.46543
940,103.55365
941,94.43571
942,103.55365
943,94.15224
944,103.55365
947,111.866295
949,112.15543
951,111.82685
952,94.46543
953,104.14677
954,78.73649
957,111.917656
959,93.43778
960,116.10062
963,115.91829
965,111.866295
967,103.55365
971,94.43571
972,78.73649
973,94.15224
974,111.917656
975,94.43571
978,118.781105
980,111.974594
981,94.15224
984,112.64466
986,94.41407
988,93.37789
989,111.917656
990,103.60501
992,111.793304
996,94.14657
999,111.917656
1000,94.14657
1001,111.866295
1002,93.26959
1003,111.917656
1004,93.26959
1008,112.025955
1009,93.85085
1010,103.8815
1012,117.34818
1013,94.12454
1014,112.10407
1015,93.315285
1016,115.91829
1019,93.315285
1020,111.866295
1021,94.41407
1022,103.60501
1024,94.41407
1025,78.964066
1027,94.323265
1028,103.60501
1029,93.894936
1030,94.41407
1033,111.917656
1036,93.52226
1037,111.866295
1038,93.58279
1042,94.46543
1043,103.55365
1044,94.19793
1045,111.917656
1047,112.90379
1050,94.19793
1051,111.866295
1054,94.19793
1056,94.15224
1057,94.19793
1059,94.70321
1062,101.12015
1063,103.55365
1064,94.15224
1066,94.004776
1070,103.60501
1076,111.917656
1077,100.25287
1078,111.917656
1080,111.917656
1082,111.93735
1083,94.47694
1089,112.81372
1091,94.47694
1093,94.46543
1097,94.390015
1099,93.9084
1101,94.41407
1103,94.57402
1104,111.866295
1106,111.78569
1109,93.77176
1110,111.866295
1111,93.740616
1112,112.70154
1114,94.19793
1116,94.09565
1117,112.10407
1120,93.531425
1124,111.866295
1125,93.86271
1126,112.15543
1134,111.917656
1137,93.86271
1138,111.866295
1144,111.866295
1145,94.19793
1146,93.531425
1148,94.43571
1150,93.531425
1152,104.14677
1153,94.41407
1154,104.14677
1155,94.46543
1157,93.315285
1162,94.46543
1165,111.917656
1166,94.12251
1167,103.60501
1168,94.41407
1169,103.55365
1171,116.08648
1172,94.70321
1173,103.55365
1174,94.43571
1176,95.30236
1177,103.55365
1178,94.43571
1182,111.917656
1186,94.41407
1187,112.70154
1188,93.86271
1189,115.91829
1191,104.19813
1192,94.46543
1197,111.917656
1198,93.2064
1200,78.73649
1201,94.43571
1203,94.70321
1209,115.91829
1214,103.60501
1218,111.868996
1222,94.1759
1226,94.6544
1228,94.43571
1230,94.1759
1232,78.73649
1233,97.08959
1236,112.90379
1238,94.14657
1241,111.866295
1244,104.28508
1246,94.1759
1247,111.866295
1250,112.15543
1251,93.9084
1254,111.866295
1255,94.19793
1256,111.29653
1257,93.26959
1258,93.9084
1259,111.866295
1260,94.41407
1263,111.866295
1267,79.14975
1268,111.917656
1271,94.46543
1272,111.866295
1274,104.19813
1275,94.46543
1276,111.866295
1277,93.58279
1279,93.531425
1281,94.43571
1282,93.86271
1283,112.025955
1285,111.63872
1286,93.86271
1289,111.917656
1296,112.025955
1299,93.531425
1301,94.14657
1306,93.44062
1307,94.43571
1308,93.531425
1313,111.866295
1314,94.70321
1315,111.866295
1316,93.58279
1317,111.866295
1319,93.58279
1323,94.41407
1324,104.19813
1325,94.384346
1328,103.60501
1329,94.15224
1330,111.866295
1331,93.65716
1332,103.60501
1337,94.52237
1338,111.60446
1339,93.59521
1340,112.10407
1343,111.917656
1347,103.60501
1348,94.43571
1349,104.19813
1352,93.531425
1354,95.30236
1359,111.917656
1360,94.41407
1363,111.866295
1364,94.47694
1365,104.14677
1366,94.41407
1372,94.46543
1375,103.84889
1376,94.19793
1378,93.59521
1379,112.36616
1380,94.41407
1381,103.55365
1384,112.04565
1387,93.531425
1388,111.866295
1392,79.0108
1394,103.90899
1395,94.41407
1396,111.866295
1398,94.19793
1399,111.866295
1400,94.34409
1401,94.09907
1403,94.71421
1404,111.396576
1406,111.866295
1407,94.19793
1408,111.866295
1410,79.14975
1412,111.866295
1413,94.46543
1415,94.70321
1420,111.866295
1422,111.868996
1423,111.13998
1424,111.866295
1425,94.63362
1426,79.14975
1427,94.70321
1429,93.17312
1430,111.866295
1431,95.30236
1432,103.55365
1434,112.10407
1437,94.46543
1438,104.19813
1440,112.15543
1441,111.866295
1442,94.43571
1444,111.866295
1445,94.70321
1446,104.14677
1448,93.315285
1453,93.85787
1454,111.866295
1455,94.46543
1456,112.175125
1458,111.866295
1459,93.58279
1461,94.25487
1465,93.531425
1466,112.025955
1469,94.41407
1472,93.85787
1474,94.19793
1477,111.78569
1479,111.866295
1482,93.9084
1483,78.24704
1487,94.323265
1488,111.866295
1490,111.866295
1492,111.928185
1494,115.91829
1496,103.88493
1497,94.69779
1499,94.70321
1502,94.19793
1507,112.2558
1508,93.531425
1509,111.866295
1511,93.58279
1512,112.01327
1513,114.46154
1514,104.19813
1518,111.866295
1519,93.26959
1522,111.917656
1524,78.73649
1527,94.43571
1529,93.26959
1532,103.60501
1536,111.866295
1537,115.91829
1539,104.117874
1542,111.917656
1543,94.19793
1544,104.19813
1545,78.964066
1550,94.19793
1551,111.876495
1554,104.05596
1556,104.14677
1559,93.26959
1560,78.64568
1562,94.46543
1566,93.26959
1567,111.866295
1569,103.60501
1570,112.70154
1571,111.917656
1574,93.531425
1578,104.14677
1580,93.44062
1583,112.10407
1584,93.531425
1585,112.01327
1586,94.1759
1587,111.917656
1588,93.26959
1590,114.29335
1592,103.60501
1596,111.70977
1598,111.917656
1599,94.19793
1604,115.94727
1606,103.55365
1607,94.46543
1608,103.60501
1609,116.08648
1611,94.41407
1613,94.6544
1616,94.70321
1619,112.194145
1620,93.58279
1621,111.866295
1622,94.19793
1625,111.793304
1627,116.08648
1629,111.917656
1634,94.46543
1636,94.004776
1638,103.60501
1639,94.43571
1641,94.70321
1643,94.41407
1644,103.32607
1645,115.91829
1646,94.19793
1647,104.05596
1648,94.15224
1652,93.44062
1653,111.917656
1656,93.26959
1658,94.19793
1659,111.866295
1661,94.43571
1663,94.46543
1664,112.10407
1665,94.46543
1666,104.14677
1667,103.55365
1668,78.90468
1669,103.55365
1670,94.41407
1672,111.917656
1674,112.10407
1677,111.866295
1678,93.62493
1679,111.866295
1680,94.12454
1683,103.60501
1686,104.06993
1687,111.868996
1689,112.10407
1690,93.58279
1691,115.91829
1692,112.43394
1693,93.531425
1695,94.19793
1696,93.85787
1697,111.866295
1700,104.14677
1701,94.374626
1702,111.917656
1703,93.37789
1704,112.15543
1706,94.70321
1707,112.64466
1708,94.15224
1710,94.390015
1711,103.55365
1713,103.60501
1717,103.55365
1719,104.14677
1720,94.19793
1722,94.46543
1725,103.60501
1726,94.15224
1727,103.55365
1729,111.917656
1730,93.44062
1731,112.085846
1733,104.14677
1734,94.46543
1735,111.868996
1738,94.6544
1742,94.50918
1745,112.10407
1747,94.374626
1749,94.15224
1751,94.15224
1752,78.64568
1753,103.462845
1754,94.30623
1755,94.46543
1756,103.90899
1758,112.23611
1759,94.46543
1760,103.55365
1761,111.917656
1762,93.58279
1763,111.917656
1764,94.384346
1766,95.01322
1768,94.43571
1769,78.6603
1771,112.15543
1772,94.004776
1773,103.66195
1774,94.57373
1775,112.194145
1777,111.917656
1779,94.46543
1780,103.8801
1787,93.37789
1788,94.12251
1790,94.15224
1796,111.866295
1801,93.26959
1803,94.15224
1807,111.866295
1809,112.53435
1812,94.14657
1813,111.866295
1814,93.699615
1815,112.23611
1816,94.09565
1818,93.315285
1820,93.531425
1821,112.90379
1822,94.46543
1825,94.19793
1826,103.55365
1828,94.15224
1831,103.55365
1836,112.25637
1837,94.43571
1841,94.19793
1844,103.55365
1848,94.12251
1851,104.117874
1852,94.47694
1853,93.62493
1854,111.866295
1856,94.67681
1859,112.53435
1860,94.26054
1861,78.964066
1863,103.60501
1865,94.43571
1866,104.117874
1867,94.52237
1868,93.37789
1872,94.43571
1879,94.41407
1880,103.55365
1882,94.43571
1885,103.60501
1887,103.55365
1888,93.96588
1890,111.907524
1894,94.6544
1895,103.55365
1896,94.15224
1897,111.917656
1900,111.917656
1901,93.26959
1902,112.45623
1905,93.67062
1906,111.44502
1912,104.14677
1915,94.15224
1916,103.60501
1917,94.26054
1918,103.55365
1920,78.64568
1923,94.16406
1924,103.60501
1925,94.15224
1930,116.08648
1932,111.866295
1933,94.19793
1934,112.754585
1935,93.26959
1940,79.14975
1941,93.884735
1942,111.974594
1943,94.01753
1944,93.11039
1945,111.58911
1948,115.91829
1949,93.58279
1952,94.82215
1954,93.531425
1955,111.866295
1958,94.01753
1959,78.93385
1960,111.917656
1963,94.46543
1965,94.384346
1968,103.60501
1969,94.47694
1971,94.46543
1972,111.917656
1973,93.26959
1975,93.26959
1977,94.74221
1978,94.14701
1979,111.917656
1981,93.26959
1982,112.10407
1987,112.10407
1988,93.26959
1993,94.6039
1997,94.12251
1999,94.15224
2001,94.6544
2002,112.90379
2003,93.938126
2004,79.39881
2006,111.917656
2007,94.41407
2009,103.8801
2010,94.46543
2013,94.83524
2018,78.93385
2022,104.19813
2024,111.7161
2025,94.70321
2026,104.19813
2030,103.8801
2031,94.19793
2032,104.14677
2033,94.15224
2035,93.315285
2036,111.866295
2037,93.62493
2040,94.6544
2043,113.10952
2044,103.93146
2046,103.84279
2054,111.77646
2055,94.43571
2056,103.8801
2059,93.58279
2060,93.26959
2062,93.03635
2063,111.94465
2066,94.6544
2067,111.868996
2072,93.886765
2073,111.866295
2074,94.14957
2075,112.5873
2076,93.884735
2080,93.9084
2082,93.26959
2085,112.025955
2087,112.01327
2091,112.54188
2092,94.52237
2093,103.8801
2098,95.11129
2101,111.917656
2102,93.315285
2103,79.14975
2105,104.117874
2106,94.46543
2107,112.5873
2110,94.43571
2114,94.09565
2115,111.866295
2117,82.82985
2118,93.85085
2119,103.55365
2120,94.15224
2122,93.531425
2123,111.866295
2126,94.46543
2127,103.60501
2128,94.19793
2129,111.866295
2132,94.778465
2135,104.14677
2138,94.384346
2139,116.08648
2141,111.96434
2142,94.12251
2146,94.41407
2151,112.15543
2157,104.00971
2159,112.15543
2162,94.46543
2164,115.91829
2167,93.67174
2168,111.917656
2171,93.26392
2173,94.46543
2174,104.19813
2175,94.384346
2178,94.46543
2180,94.6544
2185,111.866295
2189,93.79596
2190,111.868996
2192,103.60501
2194,112.414345
2200,112.825775
2201,93.938126
2203,111.917656
2204,93.938126
2205,112.40487
2209,112.133705
2213,103.60501
2214,94.19793
2215,112.15543
2216,93.938126
2218,93.884735
2219,103.83014
2220,94.41407
2222,93.26959
2223,111.917656
2225,112.10407
2226,94.1759
2230,94.47442
2233,111.868996
2234,112.40487
2235,93.938126
2236,78.64568
2237,94.12251
2240,113.42184
2241,93.58279
2248,104.14677
2249,94.41407
2250,111.60446
2252,111.917656
2253,93.938126
2254,111.866295
2256,78.64568
2258,93.531425
2259,112.025955
2262,94.6544
2265,94.46543
2266,104.19813
2269,94.30623
2271,95.30236
2273,93.62493
2274,111.54791
2275,93.938126
2277,94.19793
2279,93.938126
2280,78.64568
2282,94.6544
2283,103.55365
2288,93.26959
2289,112.29934
2291,94.15224
2292,116.08648
2297,94.41407
2298,103.55365
2299,94.14657
2300,112.59324
2301,93.26959
2304,94.43571
2305,103.685684
2306,94.6544
2308,93.884735
2309,112.27411
2311,101.99195
2312,104.19813
2316,103.55365
2321,103.55365
2322,111.917656
2325,103.71331
2326,94.12251
2329,116.08648
2330,94.19793
2331,103.55365
2332,111.868996
2333,94.6544
2334,103.60501
2335,111.29653
2337,112.29657
2338,93.668625
2340,111.868996
2342,93.26959
2345,94.09565
2349,94.5835
2351,78.64568
2352,94.15224
2354,111.866295
2355,117.4467
2357,112.10407
2358,94.09565
2360,94.70321
2361,111.866295
2364,94.43571
2366,95.13508
2369,103.60501
2370,94.41407
2371,111.868996
2373,118.42394
2374,94.98181
2376,111.917656
2378,112.10554
2382,95.30236
2383,93.62493
2386,103.55365
2387,94.65185
2389,93.67062
2390,111.88599
2392,93.531425
2398,111.868996
2399,94.15224
2400,93.886765
2401,112.10407
2402,94.19793
2404,93.58279
2407,112.175125
2408,111.54791
2409,111.917656
2412,85.23209
2413,94.65185
2415,94.12251
2420,111.9349
2422,94.25487
2423,103.55365
2426,94.15224
2432,94.14657
2434,93.44062
2435,93.67062
2436,111.917656
2438,112.175125
2440,111.866295
2443,94.47442
2444,93.58279
2447,104.14677
2450,94.46543
2454,93.85704
2455,112.15543
2459,94.6544
2460,112.10407
2463,94.30623
2465,93.938126
2468,79.14975
2469,93.938126
2474,93.59521
2478,93.51533
2480,93.58279
2481,113.42184
2489,94.6544
2490,103.8801
2492,93.26959
2496,94.6544
2497,111.99833
2500,94.15224
2505,94.6544
2507,93.26392
2508,112.40487
2509,94.390015
2510,79.84383
2513,93.26959
2515,94.6544
2518,93.62493
2519,111.88599
2520,93.62493
2521,112.17974
2523,112.01327
2525,94.19793
2529,112.40487
2530,93.938126
2533,112.343315
2535,93.315285
2538,103.462845
2544,112.14287
2553,111.866295
2556,94.12251
2558,93.43778
2559,116.70868
2560,94.19793
2561,112.10407
2562,93.938126
2563,111.72151
2564,93.44062
2565,111.868996
2567,103.55365
2572,94.14657
2575,94.15224
2576,111.917656
2577,93.10576
2578,94.46543
2579,111.917656
2580,93.315285
2582,111.866295
2583,93.58279
2587,94.12251
2589,112.10407
2590,94.43571
2591,112.40487
2594,93.531425
2597,94.52237
2598,104.14677
2599,94.25502
2600,103.462845
2602,111.88335
2603,94.14657
2604,103.55365
2606,112.025955
2607,78.64568
2608,93.886765
2613,112.40487
2614,93.531425
2615,111.917656
2617,112.085846
2620,93.531425
2623,111.917656
2624,94.09565
2627,112.40487
2629,78.64568
2630,93.315285
2632,94.56437
2636,93.7692
2639,94.30623
2640,103.60501
2642,112.40487
2644,104.14677
2646,112.36616
2647,93.7692
2649,94.43571
2650,109.09992
2652,104.14677
2653,103.29182
2655,109.15128
2657,111.868996
2659,111.866295
2662,93.62493
2663,113.42184
2664,94.46543
2665,104.14677
2670,94.43571
2671,103.60501
2672,94.08863
2675,104.14677
2677,111.917656
2679,111.917656
2683,112.10407
2684,94.09565
2685,94.19793
2688,103.55365
2689,94.46543
2690,103.355515
2693,94.43571
2694,111.79859
2697,98.73208
2699,94.26054
2703,93.85787
2705,103.55365
2709,79.01543
2710,94.05576
2711,112.025955
2712,94.08863
2713,95.24931
2714,112.15543
2715,93.26392
2717,93.26959
2718,111.913025
2720,112.54188
2721,94.43571
2726,94.46543
2728,94.19793
2731,103.66195
2732,111.866295
2734,93.7692
2736,104.14677
2737,94.41407
2738,103.55365
2739,112.15543
2746,93.884735
2749,103.60501
2751,115.91829
2752,103.55365
2753,94.43571
2757,103.8801
2758,94.32043
2759,111.59927
2760,94.43571
2762,111.917656
2764,94.15224
2765,111.73108
2769,112.15543
2771,112.194145
2774,94.09565
2776,93.7692
2777,112.99339
2778,93.26959
2779,112.10407
2782,93.26959
2784,93.9084
2787,93.78745
2789,94.12554
2792,94.52237
2798,94.98171
2799,104.14677
2800,94.43571
2801,80.01202
2802,93.58279
2804,94.43571
2807,104.14677
2808,94.98171
2809,117.22529
2811,114.46154
2812,94.43571
2814,93.26959
2816,94.43571
2817,112.59324
2818,111.54791
2820,111.69008
2821,79.291916
2822,94.46543
2823,103.60501
2824,94.43571
2826,93.531425
2829,92.78014
2834,94.19793
2835,78.103424
2838,94.74192
2839,111.917656
2840,93.315285
2841,112.067955
2842,94.6544
2846,112.19666
2848,94.41407
2849,93.22448
2850,112.15543
2851,94.46543
2853,93.86271
2854,112.40487
2858,112.83357
2861,94.66394
2864,93.26959
2865,113.42184
2866,111.917656
2867,93.315285
2868,111.44502
2870,111.917656
2877,94.43571
2878,112.40487
2880,111.917656
2882,78.64568
2883,94.70321
2884,103.55365
2885,94.19793
2887,94.6544
2888,111.917656
2889,94.46543
2890,104.14677
2891,101.99195
2892,115.91829
2893,94.2159
2898,112.32362
2899,94.36612
2900,112.085846
2901,94.80633
2909,94.41407
2910,111.974594
2911,111.90594
2913,111.917656
2914,95.341805
2918,93.886765
2919,112.15543
2920,93.86271
2921,112.40487
2922,94.37476
2923,103.55365
2925,112.11574
2926,93.315285
2927,112.40487
2929,111.866295
2933,94.061104
2934,112.025955
2936,111.94755
2941,103.814445
2942,94.05576
2943,111.54791
2945,103.60501
2950,93.26959
2951,111.917656
2953,117.46639
2954,94.384346
2955,103.60501
2956,94.70321
2960,95.30236
2962,93.884735
2963,104.33016
2964,104.14677
2966,78.64568
2967,94.14701
2968,112.15543
2969,93.26959
2971,93.315285
2972,94.41407
2974,94.19793
2975,112.15543
2977,115.91829
2980,111.917656
2981,93.86271
2983,94.46543
2984,103.84889
2985,116.08648
2986,103.55365
2987,94.41407
2989,93.85085
2990,111.917656
2991,94.43571
2992,78.6603
2995,98.73208
2996,103.60501
3002,112.703224
3004,111.917656
3005,116.08648
3006,94.32043
3010,94.70321
3011,105.10784
3014,93.315285
3015,93.807915
3016,94.46543
3017,113.125824
3018,93.780205
3021,103.55365
3024,104.14677
3028,93.884735
3030,93.26959
3032,94.43571
3039,94.15224
3040,103.66195
3041,94.86758
3043,94.1759
3044,111.866295
3046,111.82685
3055,93.315285
3056,111.917656
3058,93.62493
3059,111.88599
3061,115.91829
3063,103.60501
3066,94.41407
3067,104.14677
3068,78.64568
3069,94.43571
3072,114.46154
3073,111.917656
3074,94.41407
3077,93.26959
3082,94.50235
3084,98.73208
3085,111.866295
3088,104.14677
3091,93.59521
3092,113.735
3093,94.41407
3094,103.66195
3096,112.754585
3097,93.44062
3098,78.64568
3102,114.46154
3106,93.86271
3109,93.531425
3111,93.17312
3112,116.08648
3113,94.43571
3115,93.886765
3116,112.15543
3117,93.938126
3121,111.917656
3122,93.691086
3123,94.15224
3124,103.55365
3125,94.46543
3126,103.55365
3127,115.91829
3129,93.51347
3130,111.917656
3132,103.7672
3134,104.04829
3135,95.01322
3137,79.056656
3138,94.43571
3140,94.35378
3144,111.974594
3145,94.46543
3146,111.917656
3147,94.43571
3148,104.06993
3149,103.60501
3150,112.32362
3151,93.85787
3152,94.41407
3155,97.08959
3156,112.15543
3159,93.26959
3161,94.41407
3162,103.60501
3163,94.70321
3165,103.55365
3172,93.531425
3173,112.15543
3176,94.19793
3177,103.55365
3179,112.15543
3183,93.04198
3186,94.15224
3187,103.685684
3189,111.917656
3190,94.09565
3192,115.91829
3193,93.531425
3194,112.085846
3197,94.46543
3198,94.43571
3200,94.1759
3201,115.32695
3202,94.43571
3204,94.6544
3205,93.62493
3206,111.917656
3208,103.55365
3210,103.55365
3211,94.41407
3212,115.91829
3213,94.12251
3214,111.917656
3216,104.14677
3219,93.26959
3220,112.175125
3221,94.43571
3226,108.37131
3227,94.41407
3228,111.78569
3229,94.37415
3232,79.14975
3233,94.15224
3234,94.12251
3236,95.08965
3238,112.40487
3239,112.01327
3240,93.26392
3247,111.866295
3249,103.55365
3252,119.38891
3253,94.46543
3254,104.19813
3255,94.14657
3256,112.703224
3257,94.09565
3262,94.41407
3263,104.14677
3264,94.70321
3266,112.085846
3267,94.54013
3269,94.14657
3272,116.08648
3274,94.46543
3275,103.89352
3277,94.384346
3279,94.676155
3280,103.60501
3283,95.07692
3285,94.6544
3287,94.43903
3288,104.14677
3290,103.60501
3291,94.12251
3298,111.917656
3299,94.43571
3302,111.06277
3303,94.41407
3304,103.71331
3307,93.884735
3309,93.531425
3314,78.64568
3316,112.025955
3317,94.26054
3319,94.1759
3320,111.917656
3321,94.26054
3322,103.60501
3324,93.26959
3326,93.26959
3329,111.82685
3330,93.44062
3331,111.917656
3335,115.91829
3337,94.65185
3338,103.79753
3339,94.36318
3340,112.10407
3341,93.82667
3343,93.9084
3346,93.26392
3348,94.390015
3351,104.14677
3352,116.08648
3355,93.37789
3356,112.64466
3358,103.90899
3359,94.47694
3360,112.55625
3371,111.917656
3372,94.43571
3374,94.70321
3377,111.55332
3378,93.00209
3380,103.55365
3382,94.41407
3386,94.43571
3389,111.974594
3391,103.79143
3393,94.43571
3394,103.60501
3395,94.15224
3397,112.40487
3398,94.21376
3399,79.291916
3400,94.390015
3404,103.55365
3407,111.917656
3409,103.60501
3419,94.384346
3421,93.938126
3425,94.676155
3427,79.01543
3428,116.08648
3429,111.866295
3431,93.315285
3435,94.19793
3436,112.15543
3439,94.50235
3441,94.766754
3442,116.08648
3443,94.41407
3444,103.60501
3445,94.14657
3446,113.424614
3449,93.26959
3453,93.884735
3457,94.43571
3460,104.14677
3461,94.6039
3462,93.85787
3464,103.60501
3465,78.64568
3466,94.390015
3467,103.55365
3468,94.70321
3469,104.19813
3470,103.29182
3472,112.40487
3473,93.531425
3475,93.9084
3476,111.917656
3478,103.60501
3479,94.64643
3483,94.12251
3484,103.55365
3485,95.01322
3487,93.9084
3488,112.15543
3496,111.917656
3497,94.43571
3499,95.30236
3500,78.64568
3501,94.15224
3504,94.390015
3508,103.8801
3511,93.531425
3512,112.01937
3515,93.58279
3517,94.14657
3518,103.961464
3526,112.15543
3528,125.38292
3529,93.54041
3530,112.10407
3531,93.691086
3532,113.424614
3533,93.820564
3534,94.43571
3535,78.45581
3536,93.938126
3537,111.917656
3538,94.12251
3539,111.54791
3540,103.79143
3545,111.866295
3546,93.26959
3550,103.60501
3551,94.24729
3553,94.46543
3554,104.14677
3557,94.12251
3558,111.917656
3559,93.26959
3561,94.12251
3562,112.40487
3563,94.15224
3564,104.14677
3565,94.14657
3567,93.531425
3571,104.14677
3572,94.46543
3574,94.89152
3576,94.43571
3577,111.866295
3578,94.15224
3579,94.43571
3583,94.43571
3585,94.41407
3586,103.55365
3587,111.866295
3593,93.9084
3594,112.123764
3595,94.15224
3599,94.46543
3600,104.19813
3601,112.40487
3602,93.26959
3604,94.384346
3609,115.32695
3610,111.917656
3612,112.10407
3614,112.40487
3615,94.43571
3617,94.676155
3618,111.917656
3619,112.085846
3620,111.917656
3621,94.43571
3625,94.36612
3626,103.13238
3630,103.60501
3631,94.552536
3632,104.19813
3633,94.390015
3634,111.917656
3637,94.12251
3639,93.7692
3640,112.15543
3641,93.9084
3644,112.64466
3645,94.43571
3646,94.04771
3647,93.59521
3648,112.40487
3653,111.917656
3654,93.886765
3655,111.917656
3659,103.55365
3660,94.70321
3662,111.917656
3666,93.9084
3668,94.40792
3671,93.531425
3673,93.531425
3674,112.23611
3675,93.7692
3681,93.62493
3682,111.917656
3686,111.917656
3687,93.26392
3692,78.88249
3695,111.917656
3696,94.43571
3699,112.58571
3705,112.43525
3707,79.14975
3708,94.15224
3709,112.43394
3710,94.43571
3712,94.41407
3715,111.917656
3716,94.384346
3720,112.15543
3722,79.14975
3726,94.390015
3728,93.531425
3729,111.917656
3731,103.55365
3735,112.27226
3736,94.14701
3739,103.55365
3741,111.866295
3743,103.55365
3744,94.15224
3745,111.917656
3746,94.19793
3751,93.7692
3753,94.43571
3760,111.917656
3761,94.09565
3762,111.82685
3763,93.58279
3765,94.04771
3768,112.025955
3769,94.43571
3770,103.71331
3773,112.194145
3774,94.70321
3776,94.46543
3778,93.85787
3779,112.754585
3780,93.884735
3781,111.866295
3782,94.1759
3783,112.40487
3784,94.14657
3786,94.390015
3789,111.866295
3790,94.40865
3793,112.15543
3795,111.917656
3797,94.46543
3798,116.08648
3800,112.15543
3804,94.70321
3810,94.41407
3815,111.917656
3816,94.70321
3818,103.90899
3824,112.40487
3828,104.19813
3830,111.917656
3831,94.23807
3832,78.64568
3834,111.917656
3835,93.86271
3836,112.08385
3838,94.6544
3839,115.91829
3840,112.034485
3845,94.04771
3846,111.866295
3847,94.14657
3849,78.64568
3853,111.917656
3855,103.8801
3856,94.41407
3864,79.123726
3865,94.390015
3866,111.866295
3867,93.531425
3868,112.15543
3869,94.70321
3871,93.85704
3875,104.14677
3876,93.691086
3878,94.12251
3879,111.866295
3881,112.15543
3883,111.69008
3884,93.58279
3886,111.917656
3890,94.70321
3893,112.1074
3897,103.84889
3901,93.75098
3902,111.917656
3913,111.917656
3914,93.86271
3916,93.58279
3917,112.025955
3924,104.117874
3925,94.676155
3928,94.70321
3929,112.15543
3932,93.527794
3933,104.14677
3934,78.77419
3935,93.26959
3936,94.46543
3937,111.866295
3938,93.315285
3939,112.08385
3943,93.164276
3944,112.40487
3945,111.917656
3946,94.12251
3947,111.917656
3948,94.09565
3949,112.40487
3950,94.43571
3951,111.82685
3952,93.85787
3953,112.15543
3961,113.42184
3962,93.58279
3966,94.43571
3967,103.55365
3968,94.41407
3969,112.59324
3970,95.30236
3971,103.8801
3973,93.69143
3974,112.40487
3975,111.917656
3977,93.26959
3979,112.15543
3985,94.19793
3986,103.60501
3988,112.08385
3991,94.41407
3992,104.14677
3993,94.30623
3994,93.886765
3995,111.917656
4005,112.15543
4007,94.43571
4008,103.55365
4009,94.41407
4010,112.1074
4011,78.993744
4012,94.12251
4013,104.117874
4015,112.07073
4016,112.15543
4018,112.15543
4025,94.46543
4026,112.15543
4028,112.17974
4029,94.70321
4031,93.531425
4032,112.025955
4033,93.69143
4034,103.55365
4037,94.08863
4038,103.66195
4039,94.19793
4041,94.70321
4042,111.77549
4043,94.46543
4044,104.14677
4045,93.9341
4046,112.45623
4047,94.15224
4048,103.8801
4049,94.43571
4051,94.09565
4052,112.40487
4058,104.14677
4062,111.974594
4064,112.28804
4067,94.43571
4068,78.64568
4070,93.57107
4072,115.32695
4074,111.974594
4075,94.43571
4076,112.15543
4077,93.938126
4078,112.15543
4080,104.14677
4082,112.12838
4085,94.14657
4086,112.5873
4088,112.15543
4089,94.57402
4092,78.64568
4094,93.531425
4095,112.025955
4096,93.900215
4097,103.66195
4102,94.1759
4105,112.05736
4107,112.54188
4111,94.14657
4112,103.55365
4113,94.390015
4114,120.1989
4115,93.886765
4116,112.15543
4117,94.19793
4118,94.70321
4119,111.917656
4120,94.09907
4122,79.291916
4125,93.86271
4126,111.917656
4129,111.917656
4134,111.92786
4137,93.9084
4141,103.60501
4142,95.13508
4144,94.6544
4145,104.117874
4146,95.03254
4150,94.43571
4151,79.14327
4154,94.43571
4156,94.14701
4157,112.23611
4159,112.15543
4160,94.09565
4161,112.754585
4168,94.26054
4171,103.60501
4172,104.04829
4173,94.70321
4175,93.39529
4176,104.14677
4177,94.6544
4178,103.55365
4179,94.43571
4181,111.7245
4183,94.70321
4184,111.917656
4185,93.73323
4186,112.15543
4188,119.32602
4190,111.917656
4192,93.531425
4193,112.1074
4194,112.40487
4195,94.6039
4196,78.64568
4202,94.70321
4203,103.55365
4208,94.390015
4209,112.10407
4210,93.85787
4211,111.82685
4212,116.08648
4214,103.60501
4215,94.43571
4216,111.99833
4217,93.58279
4219,94.390015
4222,111.866295
4224,78.964066
4231,103.60501
4232,94.70321
4234,93.85787
4236,94.6544
4237,104.14677
4240,94.43571
4242,103.84889
4243,94.390015
4247,93.86271
4248,112.15543
4249,93.531425
4254,103.60501
4263,94.57402
4265,112.025955
4267,112.09382
4268,111.917656
4271,112.15543
4272,94.43571
4273,111.974594
4274,93.73323
4276,94.19793
4278,94.46543
4280,94.70321
4281,112.025955
4283,93.94711
4284,111.974594
4285,94.41407
4286,111.974594
4287,94.818115
4288,112.397095
4289,93.531425
4290,85.689766
4293,93.531425
4296,111.93735
4297,93.86271
4299,93.26959
4303,112.23611
4310,94.41407
4312,103.60501
4318,104.14677
4320,111.866295
4322,93.938126
4323,116.17897
4325,103.60501
4326,111.917656
4328,104.19813
4330,103.60501
4332,111.917656
4333,93.842125
4335,94.16404
4336,111.78244
4338,104.117874
4341,94.52237
4342,104.19813
4344,104.14677
4347,94.56831
4348,104.14677
4351,109.09992
4352,94.43571
4353,112.15543
4355,103.60501
4356,94.14657
4359,105.10784
4360,94.46543
4361,94.14657
4364,94.6039
4365,104.14677
4368,95.01322
4372,94.15224
4374,93.17312
4376,94.390015
4377,103.355515
4380,94.15224
4383,104.524574
4384,94.46543
4385,104.29094
4389,93.886765
4391,94.43571
4392,111.917656
4393,93.26959
4395,93.59521
4396,112.40487
4398,111.917656
4399,105.666245
4401,93.62493
4406,94.43571
4408,103.60501
4412,104.14677
4415,94.41407
4418,111.917656
4419,93.17312
4420,78.64568
4422,112.40487
4423,93.17312
4425,94.70321
4428,111.98055
4431,112.40264
4434,93.26959
4436,94.43571
4437,111.866295
4439,115.91829
4440,94.12454
4441,112.034485
4444,94.41407
4445,103.60501
4446,94.43571
4447,112.085846
4452,103.55365
4456,112.15543
4457,94.14657
4458,111.866295
4460,94.14657
4461,115.91829
4462,93.7692
4465,103.55365
4466,104.05312
4468,94.91393
4469,103.60501
4472,111.7245
4475,94.30623
4478,93.886765
4479,111.866295
4480,94.43571
4483,78.825554
4484,93.993034
4485,103.60501
4486,95.30236
4488,94.384346
4489,103.60501
4490,94.15224
4491,110.546906
4492,94.46543
4493,110.358925
4494,94.19793
4495,103.55365
4498,79.056656
4499,95.68897
4500,105.05648
4503,111.866295
4505,103.55365
4506,94.69056
4507,94.46543
4508,104.14677
4510,111.917656
4511,93.26959
4513,95.30236
4516,78.64568
4519,93.86271
4521,94.87351
4531,93.86271
4532,78.81387
4533,103.07683
4534,111.974594
4536,104.14677
4537,94.14657
4539,94.74192
4542,103.55365
4545,93.639725
4549,93.44062
4551,94.43571
4554,103.55365
4556,112.45623
4559,112.15543
4561,112.15543
4562,111.69008
4566,112.067184
4569,94.12251
4570,112.40487
4573,94.43571
4574,103.60501
4575,94.52237
4577,94.30623
4578,111.866295
4580,111.69008
4582,93.26959
4583,112.40487
4585,94.26054
4587,104.14677
4595,93.58279
4596,112.27226
4601,94.1759
4602,111.917656
4603,94.15224
4605,111.974594
4606,92.79696
4607,113.159325
4608,94.19793
4610,94.70321
4613,103.55365
4617,93.780205
4618,111.866295
4619,93.531425
4620,94.41407
4622,99.86363
4625,94.14657
4626,104.14677
4627,94.15224
4629,93.44961
4631,93.62493
4633,104.14677
4634,118.02709
4635,94.004776
4639,94.384346
4640,104.20795
4642,103.55365
4644,112.15543
4646,104.14677
4647,94.46543
4648,78.464745
4649,94.12251
4650,112.15543
4655,93.44062
4660,94.19793
4661,112.71774
4662,93.26959
4663,112.32362
4665,94.18201
4666,111.917656
4667,103.55365
4668,94.390015
4670,93.531425
4671,111.94755
4672,94.43571
4673,103.55365
4675,103.55365
4676,94.15224
4677,111.345436
4680,94.70321
4682,94.43571
4683,112.34793
4685,104.14677
4686,94.43571
4688,112.40487
4690,111.53651
4692,112.15543
4693,93.531425
4697,93.44062
4700,111.69008
4702,111.69008
4707,115.91829
4708,94.14657
4710,78.77419
4716,100.25844
4717,94.70321
4718,94.19793
4720,94.70321
4721,78.964066
4723,94.45099
4726,111.917656
4727,93.26959
4729,94.004776
4731,94.1759
4732,112.34793
4735,94.19793
4736,103.60501
4737,94.15224
4738,111.54791
4739,111.866295
4744,103.60501
4747,94.19793
4749,112.28747
4750,94.14657
4752,112.40487
4755,94.41407
4756,103.55365
4757,112.085846
4758,94.15224
4759,103.90899
4763,94.70321
4764,103.90899
4765,94.19793
4766,93.85787
4767,112.194145
4769,111.974594
4770,94.31422
4771,78.98361
4772,104.14677
4774,112.40487
4776,111.866295
4777,112.025955
4778,94.384346
4780,95.1261
4784,94.09565
4786,95.01322
4787,78.64568
4788,94.86758
4789,112.40487
4791,104.19813
4792,94.19793
4795,112.10407
4796,93.315285
4803,93.315285
4805,94.70321
4807,93.94626
4809,93.531425
4816,94.12251
4817,79.01543
4818,93.26959
4820,94.19793
4821,103.71331
4823,111.917656
4824,93.7692
4825,111.866295
4829,103.29182
4830,94.70321
4831,112.59324
4833,104.19813
4836,93.86271
4837,112.40487
4838,93.22448
4840,94.14701
4841,78.64568
4842,93.00209
4843,112.025955
4844,93.531425
4849,109.15128
4851,103.55365
4852,94.43571
4858,93.315285
4860,94.70321
4863,112.15543
4864,94.45099
4865,111.866295
4867,112.29375
4868,93.531425
4869,111.917656
4873,93.17312
4875,94.41407
4876,112.754585
4877,93.478065
4878,111.866295
4880,78.64568
4886,112.194145
4888,103.60501
4889,94.390015
4890,112.194145
4893,94.46543
4895,94.02729
4896,104.14677
4899,93.85787
4901,94.19793
4902,112.15543
4903,93.938126
4904,112.40487
4910,93.315285
4912,93.531425
4915,94.676155
4916,103.55365
4917,94.14657
4920,104.14677
4927,103.55365
4928,93.884735
4931,103.55365
4934,93.58279
4936,94.19793
4939,112.23611
4942,112.32362
4943,94.70321
4944,103.55365
4945,94.30623
4947,111.866295
4948,93.315285
4951,94.43571
4952,112.40487
4953,93.531425
4956,93.938126
4957,112.74971
4958,94.1759
4960,94.43571
4968,94.19793
4969,103.7672
4971,103.71331
4973,112.40487
4975,112.64466
4976,94.2907
4978,93.531425
4979,112.36616
4982,94.09565
4983,111.82685
4984,96.9214
4985,115.91829
4986,93.531425
4987,113.42184
4988,94.41407
4994,94.14657
4995,94.70321
5002,79.29051
5004,94.19793
5005,103.55365
5006,94.6544
5007,103.60501
5009,111.866295
5011,112.40487
5014,94.384346
5015,103.55365
5018,93.423584
5019,112.10407
5020,93.58279
5021,111.917656
5022,94.19793
5023,93.531425
5025,94.70321
5032,93.58279
5034,93.483475
5036,93.58279
5038,94.14701
5039,112.01937
5046,94.70321
5049,112.10407
5051,94.26054
5052,93.315285
5053,112.40487
5054,94.70321
5055,94.26054
5057,94.14657
5059,93.938126
5062,95.09733
5063,112.025955
5065,111.77646
5069,94.14657
5071,95.30236
5074,112.382576
5075,93.315285
5076,113.19173
5077,78.64568
5079,103.55365
5080,94.323265
5081,112.40487
5083,103.55365
5088,104.19813
5089,94.69056
5093,111.82685
5094,103.60501
5095,94.69056
5099,111.93735
5101,111.866295
5103,103.60501
5104,93.89707
5105,111.917656
5107,93.44062
5108,112.23611
5109,95.0519
5111,93.58279
5112,111.866295
5113,94.30623
5114,111.917656
5115,94.09565
5118,94.74192
5122,94.70321
5123,78.64568
5125,94.43571
5127,103.96035
5128,94.64643
5129,114.46154
5132,94.6544
5134,111.917656
5135,94.43571
5137,112.085846
5142,94.052925
5143,103.55365
5144,93.58279
5148,93.531425
5149,94.19793
5150,104.117874
5154,78.64568
5155,94.1759
5159,93.60962
5164,94.47442
5165,112.10407
5166,93.531425
5167,112.025955
5169,93.315285
5171,93.26959
5172,111.917656
5176,94.45099
5184,111.418076
5185,94.1759
5186,112.15543
5188,104.117874
5189,112.754585
5190,93.58279
5191,112.10407
5193,111.917656
5196,94.26054
5199,78.31103
5200,103.60501
5203,93.22448
5204,111.917656
5205,93.58279
5207,94.14657
5208,110.715096
5212,94.69056
5214,93.65712
5218,93.26392
5220,93.938126
5222,93.26959
5224,95.13508
5225,104.14677
5227,111.29653
5229,104.14677
5232,93.26959
5233,115.32695
5234,103.55365
5237,112.40487
5239,112.548836
5240,93.26959
5241,112.10407
5244,93.58279
5248,111.917656
5251,93.26959
5253,94.14657
5255,94.41407
5256,103.7672
5257,94.30623
5259,95.13508
5260,112.194145
5266,94.43571
5268,93.938126
5275,112.40487
5276,112.025955
5277,95.013336
5279,94.41407
5280,104.14677
5281,94.15224
5283,95.013336
5284,79.14975
5285,94.70321
5286,103.55365
5287,93.884735
5289,93.86271
5290,111.917656
5292,104.511925
5293,94.323265
5294,103.55365
5297,93.58279
5299,103.88493
5302,93.9084
5305,77.98318
5306,94.41407
5308,94.12251
5309,93.7692
5310,112.165726
5312,111.866295
5316,112.194145
5317,94.70931
5319,78.64568
5320,94.70321
5323,94.19793
5329,112.15543
5331,111.866295
5334,111.917656
5336,111.917656
5338,104.14677
5341,94.47442
5345,94.46543
5348,93.938126
5349,111.866295
5355,103.60501
5356,94.43571
5360,103.84279
5362,112.07073
5364,112.15543
5366,103.60501
5367,94.40182
5368,94.56831
5370,94.40182
5371,78.64568
5373,103.60501
5375,112.40487
5376,93.22448
5378,112.15543
5379,94.47442
5383,94.19793
5384,103.55365
5389,111.917656
5391,78.64568
5393,111.866295
5395,112.194145
5397,111.974594
5398,93.69158
5399,111.90594
5401,116.08648
5402,93.85704
5403,111.974594
5404,93.886765
5407,78.64568
5408,94.15224
5413,111.71859
5414,94.19793
5417,94.26054
5418,104.511925
5420,112.36616
5421,93.58279
5424,94.36612
5425,111.917656
5426,93.938126
5429,111.917656
5431,94.1011
5437,103.55365
5440,93.26959
5444,103.8815
5446,103.55365
5447,94.004776
5451,94.19793
5452,108.71932
5455,103.55365
5456,94.41407
5458,93.59037
5459,111.917656
5460,94.46543
5462,94.15224
5463,112.034485
5464,93.423584
5465,111.917656
5466,95.30236
5467,103.55365
5468,95.05993
5469,112.32362
5472,94.19793
5474,93.531425
5475,112.70228
5476,94.70321
5479,104.14677
5480,112.40487
5482,111.7245
5485,93.86271
5486,116.08648
5488,78.964066
5495,104.14677
5496,94.47442
5497,111.917656
5499,112.085846
5503,93.58279
5504,93.659164
5507,94.70321
5509,93.77892
5511,93.531425
5512,111.917656
5516,112.40487
5517,94.70321
5518,103.60501
5521,94.46543
5522,104.14677
5527,95.30236
5528,94.14657
5529,112.754585
5532,94.099594
5533,111.42821
5535,104.05596
5536,102.530014
5540,93.884735
5547,94.19793
5548,112.10407
5550,78.64568
5551,93.993034
5554,111.866295
5555,94.43571
5559,111.866295
5560,93.26959
5561,112.085846
5562,93.22448
5563,112.36616
5565,78.825554
5566,94.43571
5567,103.55365
5568,94.15224
5572,94.15224
5574,94.46543
5576,94.19793
5579,112.085846
5580,77.92225
5581,94.15224
5583,94.09565
5584,111.917656
5586,111.917656
5587,93.82667
5589,103.55365
5591,103.66195
5592,93.884735
5593,112.43394
5594,94.323265
5595,78.47619
5596,112.40487
5597,112.15543
5598,115.91829
5599,94.30623
5602,111.85827
5603,94.323265
5605,93.884735
5607,93.531425
5608,111.917656
5609,93.59521
5610,93.886765
5612,94.052925
5613,112.754585
5614,93.7692
5616,94.25487
5621,94.390015
5623,94.43571
5628,113.42184
5629,93.96588
5631,96.003555
5633,102.25945
5638,103.60501
5639,94.41407
5640,103.8801
5645,94.19793
5646,78.81387
5649,94.18349
5653,111.974594
5655,112.10407
5656,94.43571
5658,94.46543
5662,116.08648
5663,93.26959
5667,94.15224
5670,94.30623
5671,103.55365
5672,94.41407
5673,103.60501
5674,94.19793
5675,103.60501
5676,94.6544
5679,112.40487
5683,111.866295
5687,94.323265
5688,78.64568
5690,94.12251
5691,111.917656
5692,93.49198
5693,112.80028
5694,94.26054
5697,111.917656
5698,93.26959
5699,112.40487
5704,94.19793
5707,112.40487
5709,103.55365
5710,94.19793
5714,94.19793
5718,94.30623
5721,94.19793
5723,94.09565
5724,111.77646
5725,94.14657
5726,112.16154
5729,94.70321
5730,103.60501
5731,94.19793
5733,78.64568
5736,94.12251
5741,103.7672
5745,112.10407
5747,94.1011
5748,104.14677
5750,111.917656
5751,94.19793
5752,94.41407
5754,93.993034
5755,94.1759
5757,94.1759
5758,115.91829
5760,104.19813
5762,103.60501
5766,111.77549
5768,94.70321
5769,115.32695
5770,94.384346
5771,111.866295
5772,93.58279
5773,112.175125
5774,94.12251
5776,93.26959
5777,112.40487
5778,93.9084
5780,112.01937
5782,93.884735
5783,78.156235
5784,94.70321
5786,94.44181
5788,94.46543
5789,112.15543
5790,94.30623
5791,104.14677
5793,104.24361
5794,94.19793
5796,115.91829
5797,94.30623
5801,94.12251
5803,94.323265
5804,111.866295
5805,94.052925
5806,78.64568
5808,112.10407
5813,94.19793
5815,94.15224
5816,104.01178
5822,94.09565
5823,112.40487
5825,103.55365
5827,111.92786
5829,103.55365
5830,94.36612
5831,111.917656
5832,93.7692
5833,112.10407
5837,113.42184
5838,94.12251
5839,94.70321
5842,103.8801
5844,111.866295
5845,103.29182
5846,112.10663
5848,78.64568
5850,111.917656
5851,93.93924
5853,94.70321
5854,103.60501
5858,103.8801
5860,111.866295
5864,103.60501
5866,94.56715
5867,112.40487
5868,93.59521
5869,112.025955
5870,94.09565
5871,112.15543
5874,112.10407
5876,112.15543
5877,93.26959
5878,93.7692
5879,112.10407
5880,93.26392
5884,93.884735
5886,111.917656
5890,101.33381
5896,94.30623
5897,103.60501
5898,94.70321
5901,103.71331
5903,112.40487
5906,93.886765
5908,112.40487
5909,93.531425
5910,112.754585
5911,94.19793
5912,112.15543
5914,112.10407
5919,112.40487
5924,94.09565
5926,94.19793
5929,103.90899
5930,94.43571
5932,94.70321
5933,112.194145
5934,93.9084
5935,111.917656
5936,93.315285
5937,112.54188
5938,94.50235
5939,111.93735
5942,111.96702
5943,94.19793
5944,103.685684
5946,112.40487
5951,93.49198
5953,103.60501
5954,94.19793
5957,103.60501
5961,94.47442
5962,104.117874
5964,79.224846
5965,94.374626
5968,112.10407
5969,93.68863
5974,93.886765
5975,112.29375
5978,78.64568
5981,103.60501
5982,95.1499
5983,112.15543
5989,111.7412
5991,94.19793
5992,104.19813
5995,94.74192
5996,103.60501
5997,111.917656
5998,93.7692
5999,78.377335
6001,111.866295
6002,93.531425
6003,111.60446
6004,94.19793
6006,112.15543
6007,93.9084
6011,101.10623
6012,103.71331
6014,94.19793
6015,103.55365
6016,94.15224
6017,111.866295
6018,94.70321
6024,94.6544
6025,104.14677
6026,111.77646
6028,111.974594
6029,78.64568
6030,93.58279
6036,112.10407
6040,94.052925
6041,111.917656
6042,93.7692
6044,94.384346
6045,104.14677
6047,104.14677
6048,94.14657
6049,112.025955
6051,115.91829
6052,112.32362
6053,93.26959
6054,112.15543
6058,104.19813
6059,94.14657
6062,94.70321
6063,115.91829
6064,103.55365
6065,94.052925
6067,93.938126
6068,111.917656
6070,103.60501
6071,101.57159
6072,111.917656
6080,111.917656
6081,94.19793
6084,104.117874
6087,94.1759
6089,103.7732
6092,111.917656
6094,93.884735
6095,112.40487
6097,112.43525
6100,93.531425
6104,103.60501
6105,93.884735
6106,111.27059
6107,79.14975
6108,93.61926
6109,111.917656
6110,93.58279
6114,111.917656
6116,93.70848
6117,104.19813
6118,94.46543
6123,78.64568
6125,112.40487
6128,112.1074
6130,103.60501
6132,111.866295
6137,78.64568
6139,112.194145
6140,93.886765
6141,112.43525
6142,104.14677
6144,109.42777
6145,94.390015
6146,93.938126
6149,93.62493
6156,95.04306
6159,111.77646
6160,93.886765
6162,103.55365
6164,111.69008
6165,93.315285
6168,78.64568
6169,112.10407
6170,94.46543
6171,112.15543
6172,93.00209
6173,116.039474
6176,94.70321
6177,93.00209
6178,94.57373
6180,94.14657
6181,104.14677
6182,94.40182
6185,93.884735
6186,112.025955
6188,111.866295
6189,94.1759
6192,104.117874
6193,94.19793
6194,104.14677
6195,94.11268
6196,114.46154
6197,93.884735
6201,111.917656
6202,93.886765
6203,111.917656
6204,93.884735
6207,116.08648
6209,94.09565
6210,93.26392
6211,112.54188
6213,111.917656
6216,93.00209
6217,93.531425
6219,94.052925
6222,78.64568
6223,94.43571
6235,94.70321
6240,94.43571
6242,94.390015
6247,94.19793
6251,111.866295
6254,111.917656
6255,94.390015
6260,103.55365
6261,94.19793
6262,103.84889
6264,111.85827
6269,103.60501
6271,103.60501
6275,111.866295
6276,93.7692
6278,94.47442
6279,112.10407
6281,112.99921
6284,93.79312
6286,94.11268
6287,78.64568
6288,94.43571
6292,93.531425
6293,93.884735
6295,93.92462
6298,112.15543
6300,111.866295
6304,104.14677
6308,112.15543
6310,94.46543
6312,111.917656
6320,94.19793
6324,93.62493
6325,112.025955
6330,95.01322
6336,111.917656
6340,103.60501
6341,94.70321
6342,103.8801
6344,94.05576
6345,111.917656
6347,112.10407
6348,95.1261
6349,112.15543
6351,78.64568
6353,112.15543
6354,93.884735
6357,94.32996
6358,104.14677
6360,103.55365
6363,113.42184
6364,93.26959
6368,111.77646
6370,93.531425
6371,94.19793
6377,94.14957
6379,94.30623
6381,93.86271
6382,78.64568
6383,112.10407
6388,111.917656
6390,112.025955
6392,103.55365
6393,94.36612
6395,94.390015
6398,103.55365
6401,78.64568
6402,93.85787
6403,112.754585
6405,93.938126
6406,93.37789
6407,112.40487
6409,104.14677
6411,93.04198
6413,94.43571
6416,104.47321
6417,94.14657
6418,93.7692
6419,116.08648
6420,111.866295
6426,112.12838
6429,93.531425
6430,94.19793
6431,112.754585
6432,94.09565
6434,94.900505
6437,112.10407
6438,94.70321
6439,103.55365
6440,94.43571
6441,94.37415
6442,111.917656
6443,96.9214
6445,94.1011
6448,112.40487
6450,111.917656
6453,94.91393
6455,94.29354
6457,93.886765
6458,112.15543
6461,94.26054
6464,111.917656
6467,94.19793
6469,95.30236
6470,78.825554
6471,93.886765
6473,103.55365
6474,94.19793
6479,94.26054
6481,94.12454
6484,111.917656
6495,94.160416
6496,113.369125
6505,112.46545
6506,95.004005
6508,94.70321
6509,94.19793
6510,104.14677
6512,103.60501
6513,94.19793
6514,112.025955
6515,93.62493
6519,94.46543
6521,94.43571
6523,78.64568
6525,103.8801
6526,94.47442
6528,94.46543
6529,112.16154
6531,103.60501
6533,104.117874
6534,94.19793
6535,112.40487
6536,93.44062
6537,112.085846
6540,93.7692
6541,112.10407
6547,94.47442
6548,112.15543
6551,112.085846
6553,112.46545
6555,104.117874
6556,94.70321
6561,78.64568
6564,93.531425
6565,112.40487
6568,94.1011
6569,111.917656
6573,103.55365
6574,94.26054
6577,112.025955
6579,113.42184
6581,93.68863
6582,112.754585
6585,104.187996
6586,94.70321
6589,104.19813
6590,78.64568
6593,93.52884
6594,111.866295
6595,93.531425
6599,93.315285
6600,94.09565
6601,112.71591
6602,93.26959
6603,112.40487
6604,94.46543
6607,103.55365
6608,104.248856
6609,94.15224
6611,94.14657
6613,111.917656
6614,93.938126
6616,93.86271
6617,111.917656
6618,94.19793
6619,103.23527
6621,104.117874
6627,103.72184
6629,111.866295
6631,78.64568
6634,94.390015
6636,94.19793
6638,94.1011
6639,111.917656
6641,112.40487
6642,94.41407
6651,114.29335
6654,78.964066
6657,94.70321
6663,93.26392
6665,111.866295
6666,94.12454
6668,94.19793
6669,104.117874
6670,94.46543
6671,94.41407
6673,94.43571
6675,93.7692
6676,78.64568
6677,94.43571
6679,94.14701
6680,112.15543
6681,104.14677
6685,104.14677
6688,94.19793
6689,93.531425
6690,111.60446
6692,111.917656
6693,94.425514
6694,94.14657
6698,116.08648
6699,94.052925
6700,111.866295
6701,93.886765
6702,111.917656
6704,93.531425
6707,112.46545
6712,112.40487
6713,94.160416
6715,94.19793
6721,111.50837
6722,94.052925
6723,111.917656
6724,93.82667
6725,116.08648
6731,111.917656
6735,98.259155
6736,94.19793
6737,104.511925
6738,94.40792
6739,104.14677
6741,103.66195
6743,93.531425
6745,94.19793
6747,111.866295
6749,94.12251
6750,103.60501
6751,115.91829
6752,94.36612
6753,111.917656
6755,119.27466
6756,94.19793
6757,103.55365
6759,112.32362
6761,93.86271
6763,93.886765
6764,115.32695
6765,94.54733
6766,111.917656
6768,112.15543
6771,93.531425
6773,94.19793
6774,94.41407
6778,103.90096
6779,95.341805
6781,93.00209
6784,94.656586
6786,93.531425
6787,112.15543
6790,93.58279
6793,104.03976
6795,111.917656
6798,111.917656
6806,104.27466
6807,94.41407
6810,94.14657
6815,112.07073
6816,93.58279
6817,103.60501
6818,94.30623
6819,104.14677
6820,94.41407
6822,93.43211
6823,115.91829
6824,112.10407
6825,94.054955
6828,78.156235
6829,111.50837
6831,111.866295
6832,93.69158
6833,111.974594
6834,93.886765
6836,94.05844
6837,112.40487
6838,93.26959
6840,103.96035
6843,93.26959
6845,93.26959
6846,93.884735
6847,111.974594
6851,112.025955
6852,94.01753
6853,112.5873
6858,94.87351
6861,111.917656
6863,112.71591
6864,78.64568
6865,94.41407
6866,112.40487
6867,95.01322
6868,103.8801
6869,94.30623
6870,112.10407
6874,112.07073
6875,93.820564
6877,112.15543
6878,93.531425
6880,94.19793
6883,111.69008
6884,93.7141
6886,94.390015
6890,94.65185
6893,111.917656
6894,93.58279
6899,112.15543
6900,93.531425
6904,93.26959
6905,111.917656
6906,93.59521
6910,93.75003
6912,103.602425
6913,112.7933
6920,94.19793
6922,93.7692
6923,111.917656
6926,94.1011
6927,111.866295
6928,93.26392
6931,110.70083
6933,94.30623
6936,93.00209
6937,112.40487
6939,112.23578
6941,93.531425
6942,113.18684
6943,93.719055
6944,103.55365
6945,94.46543
6946,112.15543
6947,115.91829
6949,104.14677
6951,104.14677
6953,112.04565
6954,93.886765
6955,112.085846
6963,111.29653
6964,93.75003
6966,94.1759
6968,93.884735
6970,104.14677
6972,112.343315
6976,112.026794
6978,112.40487
6981,103.29182
6985,103.60501
6986,94.12251
6987,111.55973
6989,112.15543
6991,115.91829
6993,113.23593
6994,94.14657
6995,112.15543
6996,94.593704
6997,112.10407
6998,78.62941
7001,111.29653
7003,111.44994
7006,93.86973
7008,101.73978
7010,93.26959
7011,94.004776
7012,112.097466
7013,93.37789
7014,111.32195
7017,103.50947
7018,94.19793
7019,93.26959
7023,94.46543
7024,104.14677
7025,93.884735
7026,111.917656
7027,93.63513
7028,112.548836
7030,111.917656
7031,92.98708
7033,111.917656
7036,94.19793
7037,94.46543
7039,94.14657
7044,93.86271
7045,112.40487
7046,97.35682
7049,103.84889
7050,94.873955
7051,104.14677
7054,110.70083
7055,93.96617
7057,93.710526
7060,112.15543
7061,94.70321
7063,93.00209
7064,111.32195
7067,94.19793
7071,93.60223
7074,103.55365
7075,94.43571
7078,112.40487
7079,93.531425
7080,112.39654
7081,94.323265
7082,112.40487
7083,93.47747
7085,113.19173
7092,104.14677
7094,94.47442
7100,93.7692
7101,111.32195
7102,112.40487
7104,111.90594
7105,94.70321
7106,94.19793
7107,103.23527
7108,78.45581
7109,93.7692
7110,112.40487
7112,93.81837
7113,104.14677
7114,94.82215
7116,112.40487
7117,94.70321
7118,103.55365
7120,94.15224
7121,103.60501
7123,103.60501
7124,95.13508
7127,109.09992
7131,103.60501
7132,94.30623
7133,93.26959
7134,111.866295
7135,92.93572
7136,111.55973
7137,93.884735
7141,93.7692
7144,104.14677
7147,111.917656
7148,94.12251
7150,93.04198
7151,94.15224
7152,103.60501
7154,94.12251
7156,94.15224
7157,103.55365
7159,115.91829
7161,95.30236
7163,94.43571
7164,103.13238
7167,78.64568
7169,103.60501
7170,94.15224
7173,94.43571
7174,103.60501
7177,111.917656
7178,103.60501
7179,94.43571
7180,78.89615
7181,112.10407
7182,94.37415
7184,94.19793
7185,112.10407
7186,92.78014
7187,114.46154
7188,93.86271
7189,112.59324
7191,103.55365
7193,111.29653
7197,94.3152
7199,93.69158
7200,112.40487
7201,92.93572
7204,93.531425
7207,111.917656
7209,112.71591
7210,94.19793
7211,104.14677
7213,93.85787
7214,112.10407
7216,112.10407
7217,94.14701
7220,112.15543
7224,111.917656
7225,94.09907
7226,112.10407
7227,93.840004
7234,112.10407
7236,98.150856
7239,103.66195
7240,94.15224
7242,113.42184
7244,111.866295
7245,93.58279
7247,111.917656
7248,93.423584
7249,115.91829
7250,112.025955
7251,93.82667
7252,112.085846
7253,78.64568
7256,94.26054
7260,93.886765
7261,112.32362
7264,94.41407
7269,111.77646
7270,94.04771
7273,112.15543
7279,92.94554
7281,112.10407
7284,93.26959
7285,112.085846
7286,115.91829
7287,92.93572
7289,94.19793
7292,94.12251
7293,112.40487
7296,93.94626
7297,111.55973
7298,93.26959
7299,112.034485
7301,103.60501
7304,111.866295
7306,116.98664
7308,94.19793
7309,103.29182
7312,94.12251
7313,78.64568
7314,93.938126
7316,93.67062
7319,117.34818
7321,95.2496
7323,94.46543
7324,103.60501
7325,94.43571
7328,103.55365
7330,78.64568
7334,94.43571
7337,112.10407
7338,95.15
7339,93.16526
7341,93.423584
7342,112.10407
7344,112.085846
7345,112.23611
7347,111.29653
7349,112.10407
7350,94.43571
7353,111.43025
7355,112.15543
7356,94.1759
7357,112.15543
7358,94.46543
7360,93.884735
7363,103.685684
7364,94.6544
7366,93.550865
7368,93.86973
7369,111.917656
7370,93.531425
7373,94.37415
7374,111.917656
7375,94.47442
7377,94.15224
7379,92.79129
7380,115.32695
7382,112.5873
7383,94.37415
7385,94.47442
7386,103.60501
7391,94.965294
7394,110.472176
7396,112.025955
7397,94.43571
7399,94.15224
7400,104.19813
7403,78.64568
7405,111.917656
7408,112.16154
7414,112.71591
7416,103.55365
7417,94.08863
7419,94.19793
7420,110.81479
7421,94.374626
7422,94.6544
7423,103.685684
7425,78.64568
7430,94.14657
7432,94.1011
7433,94.42306
7434,111.917656
7436,110.70083
7437,93.884735
7438,103.11761
7440,103.55365
7441,94.19793
7442,112.15543
7445,111.917656
7446,103.55365
7448,111.32195
7450,104.14677
7451,94.19793
7454,111.866295
7455,94.05576
7457,111.866295
7459,103.55365
7462,92.98708
7464,94.19793
7465,111.866295
7466,92.98708
7467,111.64668
7469,112.23668
7472,94.14657
7473,111.917656
7479,94.43571
7480,104.14677
7484,112.46545
7491,94.19793
7494,103.84889
7495,94.47442
7501,92.98708
7503,94.14657
7504,104.14677
7505,94.46543
7508,111.917656
7509,93.44062
7510,78.64568
7511,111.77646
7515,94.43571
7516,104.524574
7517,93.81837
7518,104.47321
7519,94.19793
7521,94.74192
7522,103.55365
7524,103.12614
7526,103.602425
7527,93.86973
7528,103.60501
7529,94.46543
7534,111.78569
7537,112.194145
7538,94.45099
7540,94.15677
7541,112.025955
7545,112.10407
7551,112.7933
7553,94.19793
7554,103.55365
7555,94.41407
7561,111.32195
7562,93.96617
7564,93.710526
7565,103.8801
7566,94.15224
7567,111.86624
7569,103.55365
7570,94.835815
7571,114.29335
7572,93.85704
7574,103.32607
7578,112.10407
7579,94.09565
7586,94.12251
7587,84.70163
7590,94.19793
7593,111.917656
7594,94.13854
7595,94.15224
7600,93.884735
7601,79.58221
7602,93.886765
7603,112.73155
7604,93.993034
7606,92.93572
7608,112.7933
7613,78.64568
7615,111.866295
7616,110.70083
7617,116.26028
7618,93.86973
7619,104.14677
7622,94.42306
7623,103.60501
7624,93.86973
7625,104.14677
7626,94.19793
7627,103.96035
7628,77.195724
7631,104.06865
7632,104.14677
7633,94.390015
7634,116.98835
7635,93.7692
7636,112.10407
7637,112.10407
7639,93.884735
7640,78.64568
7644,112.40487
7645,93.886765
7648,104.14677
7649,93.32892
7650,112.10407
7652,111.866295
7653,93.9084
7655,94.054955
7659,111.27059
7662,94.802574
7664,93.531425
7666,95.13508
7668,94.19793
7669,111.341644
7670,94.37476
7672,94.84016
7673,111.917656
7678,93.993034
7679,79.35772
7680,104.117874
7683,93.26959
7685,115.91829
7688,94.19793
7690,110.70083
7692,94.19793
7693,94.15224
7695,112.10407
7696,94.47442
7698,94.09907
7699,111.50837
7702,92.71958
7703,112.10407
7704,93.81837
7707,111.77646
7713,78.64568
7715,103.066246
7717,112.10407
7718,94.14657
7719,103.00931
7721,111.567604
7722,95.01322
7725,102.91543
7727,102.95795
7730,79.04242
7733,93.44062
7735,103.55365
7740,112.10407
7741,111.917656
7742,93.58279
7744,112.12838
7747,94.47442
7750,78.64568
7752,111.866295
7754,112.085846
7756,103.905235
7757,94.46543
7758,103.602425
7760,104.117874
7761,94.15224
7763,112.46545
7765,94.43571
7767,112.10407
7768,94.36612
7771,94.390015
7773,93.531425
7774,112.45623
7776,103.71331
7779,94.19793
7783,93.423584
7786,103.69378
7787,94.19793
7789,93.60223
7791,94.46543
7793,94.47442
7794,111.917656
7795,93.16526
7799,78.64568
7800,111.866295
7802,94.056145
7805,111.27059
7807,103.55365
7808,94.74192
7811,104.14677
7817,110.70083
7818,104.14677
7819,94.19793
7822,93.993034
7823,111.917656
7825,112.70154
7828,93.531425
7832,93.886765
7833,78.64568
7834,112.15543
7835,94.19793
7837,94.15224
7840,93.65712
7842,94.12454
7843,111.66816
7844,94.19793
7846,94.15224
7850,94.14657
7853,112.40487
7855,112.7933
7858,94.19793
7863,111.27059
7865,112.40487
7866,93.26392
7868,93.26959
7869,111.32195
7871,78.64568
7872,103.55365
7874,103.55365
7877,111.42821
7878,93.886765
7879,111.32195
7881,93.85787
7883,94.31476
7885,103.685684
7886,94.19793
7889,95.13508
7890,103.83196
7891,94.44181
7893,94.11268
7894,103.29182
7896,112.10407
7898,103.60501
7901,94.13854
7902,111.29653
7904,111.43025
7905,94.14657
7906,117.00017
7909,94.19793
7910,103.60501
7913,94.1759
7918,112.40487
7919,92.93572
7923,93.59521
7925,94.15224
7927,93.26959
7930,94.19793
7932,94.41407
7933,93.9084
7935,93.85085
7939,104.01729
7942,92.98708
7943,111.38667
7945,103.55365
7946,93.86973
7948,94.47442
7949,111.917656
7950,92.98708
7951,112.10407
7955,102.95795
7959,94.6544
7960,112.10407
7961,94.43571
7962,102.95795
7964,103.08102
7965,94.323265
7966,112.40487
7967,102.95795
7968,94.57373
7971,104.12129
7974,92.93572
7976,110.427444
7978,111.866295
7982,112.10407
7983,94.19793
7984,104.14677
7986,93.58279
7989,111.917656
7991,111.29653
7992,111.866295
7993,92.794525
7994,112.40487
7995,93.886765
7997,94.12251
7998,104.14677
7999,110.70083
8002,93.86271
8007,94.09565
8009,94.384346
8011,94.09565
8013,94.61851
8015,104.19813
8017,112.085846
8019,115.91829
8023,93.60223
8024,112.10407
8026,112.085846
8027,93.531425
8029,94.43571
8030,112.15543
8031,94.09565
8033,94.384346
8035,94.43571
8036,105.056274
8039,103.60501
8042,93.26959
8044,93.9084
8046,79.20111
8048,112.32362
8049,94.14657
8050,104.19813
8053,93.550865
8054,93.886765
8059,93.884735
8061,93.85787
8062,111.50837
8064,112.15543
8066,103.84279
8067,94.14657
8068,94.01724
8070,94.43571
8071,112.40487
8072,92.93572
8076,93.82667
8080,93.315285
8081,111.50837
8084,101.93431
8087,112.16154
8089,93.17028
8090,115.32695
8091,104.14677
8094,112.60213
8100,93.315285
8101,94.46543
8110,94.41407
8111,111.29653
8112,93.81837
8115,112.91565
8116,94.43571
8118,112.15543
8121,116.08648
8125,111.917656
8127,111.917656
8128,92.93572
8129,111.29653
8131,93.79197
8138,93.86973
8139,103.60501
8140,93.884735
8141,93.531425
8142,111.866295
8143,111.27059
8145,112.085846
8146,93.43778
8148,112.71591
8153,111.32195
8154,93.00209
8155,113.008705
8161,94.220985
8162,111.917656
8163,93.44062
8166,111.866295
8168,111.917656
8170,92.93572
8172,111.29653
8173,92.93572
8176,103.55106
8179,94.14657
8181,94.15224
8182,115.322586
8184,111.866295
8190,104.117874
8191,94.09486
8194,112.16154
8196,111.30048
8198,111.32195
8199,112.40487
8201,111.917656
8202,93.884735
8207,94.323265
8208,111.29653
8211,111.32195
8214,111.1976
8217,94.14657
8218,111.866295
8222,93.710526
8229,104.511925
8231,94.09565
8233,95.13508
8236,94.19793
8238,112.10407
8240,103.55365
8243,104.24361
8246,111.72792
8250,93.58279
8254,95.01322
8256,78.64568
8257,111.60446
8258,93.10391
8260,94.19793
8261,112.044685
8263,113.42184
8264,93.38028
8267,111.917656
8268,92.93572
8271,93.04402
8272,111.29653
8275,94.86758
8276,94.46543
8277,103.8815
8278,115.91829
8279,94.25243
8280,111.917656
8281,94.19793
8282,111.60446
8287,111.55973
8288,92.93572
8289,112.10407
8294,93.938126
8296,93.531425
8299,112.10407
8302,104.14677
8308,112.085846
8314,102.95795
8315,93.81837
8316,111.93735
8317,94.09565
8319,111.27059
8320,93.26959
8321,116.08648
8323,94.14657
8325,94.16404
8326,111.49014
8328,111.29653
8330,111.866295
8331,93.886765
8332,112.32362
8334,93.86973
8338,93.44062
8339,94.19793
8341,93.531425
8345,112.40487
8346,94.15224
8347,102.95795
8349,94.46543
8351,94.220985
8352,112.15543
8353,111.29653
8355,111.54791
8358,110.70083
8359,111.866295
8360,94.09565
8361,112.29657
8363,102.95795
8364,94.43571
8365,94.70321
8366,104.14677
8370,111.27059
8372,94.11268
8376,94.46543
8377,111.866295
8379,111.27059
8380,93.85704
8381,111.27059
8386,93.00209
8388,103.066246
8389,94.47442
8391,111.917656
8394,95.01322
8396,103.00931
8398,103.55365
8400,112.15543
8401,93.397316
8404,93.531425
8407,94.6544
8408,112.10407
8409,111.29653
8410,103.60501
8411,94.88386
8413,93.04402
8414,111.917656
8416,93.993034
